Episode,Title,Emotional Tone,Key Character Goal,Main Obstacle
Episode 1,Wrong Number,Hopeful yet melancholic,To help his client Sarah find motivation and purpose through daily messages,Unbeknownst to him, his messages aren't reaching their intended recipient
Episode 2,A Lifeline,Tense and emotional,To get through a particularly challenging shift at the hospital,A traumatic medical case that triggers her professional insecurities
Episode 3,The Discovery,Surprising and tense,To understand how the messaging error occurred and who has been receiving his messages,The technical mystery of the wrong number and ethical concerns about privacy
Episode 4,Tracing the Connection,Investigative and reflective,To identify the person who has been receiving his messages,Technical barriers and ethical concerns about privacy
Episode 5,The Anonymous Benefactor,Mysterious and tense,To understand the anonymous donations and identify the recipient,Ethical concerns about privacy and the mysterious nature of the donations
Episode 6,The Closing Gap,Tense and urgent,To identify the specific person at City General who has been receiving his messages,The size of the hospital and privacy concerns that limit his investigation
Episode 7,The First Meeting,Anticipatory and tense,To identify the recipient despite hospital privacy restrictions,Bureaucratic barriers and ethical concerns about privacy
Episode 8,The Connection Revealed,Revelatory and emotional,To identify the recipient through a hospital workshop,The challenge of making a connection without revealing his true purpose
Episode 9,The Aftermath,Vulnerable and reflective,To understand the full impact of his messages on Julia's life,The emotional weight of responsibility and the changed dynamic of their relationship
Episode 10,Building a New Foundation,Hopeful but challenging,To adapt his coaching style for Julia while maintaining its effectiveness,The pressure of direct coaching and the changed dynamic
Episode 11,The Test of Independence,Tense but ultimately empowering,To trust in Julia's ability to handle challenges without his direct intervention,The urge to help and the fear that she might not be ready
Episode 12,The Accidental Lifeline,Hopeful and reflective,To define his new relationship with Julia and his future coaching direction,Balancing professional boundaries with personal connection
